{"cameraMode":{"drawMode":0,"name":"Shaded","section":"Shading Mode"},"sceneLighting":false,"audioPlay":false,"sceneViewState":{"showFog":true,"showMaterialUpdate":false,"showSkybox":true,"showFlares":true,"showImageEffects":true,"showParticleSystems":true},"in2DMode":false,"pivot":{"x":3.0,"y":0.8399999737739563,"z":-5.369999885559082},"rotation":{"x":0.02368757128715515,"y":0.005095028318464756,"z":0.0001256480609299615,"w":-0.9997202754020691},"size":4.2861647605896,"orthographic":false}