{"cameraMode":{"drawMode":0,"name":"Shaded","section":"Shading Mode"},"sceneLighting":false,"audioPlay":false,"sceneViewState":{"showFog":true,"showMaterialUpdate":false,"showSkybox":true,"showFlares":true,"showImageEffects":true,"showParticleSystems":true},"in2DMode":false,"pivot":{"x":-1.2479549646377564,"y":1.2736828327178956,"z":1.1571235656738282},"rotation":{"x":-0.04379623755812645,"y":0.0035931910388171674,"z":-0.00016195721400436014,"w":-0.9990408420562744},"size":2.732952356338501,"orthographic":false}