{"cameraMode":{"drawMode":0,"name":"Shaded","section":"Shading Mode"},"sceneLighting":false,"audioPlay":false,"sceneViewState":{"showFog":true,"showMaterialUpdate":false,"showSkybox":true,"showFlares":true,"showImageEffects":true,"showParticleSystems":true},"in2DMode":false,"pivot":{"x":-13.6899995803833,"y":5.150000095367432,"z":0.5099999904632568},"rotation":{"x":-0.3128787577152252,"y":-0.022227175533771516,"z":0.007318783085793257,"w":-0.9495123028755188},"size":5.425414562225342,"orthographic":false}